Complexity,Loss,Equation
1,0.33523104,"0.47576293"
4,0.32371953,"(x0 / exp(x0))"
5,0.2056713,"((1.8870828 - x0) * x0)"
7,0.19479097,"(((2.0048108 - x0) * x0) + -0.19686103)"
9,0.18833084,"exp((2.5952604 - (exp(x0) / x0)) / 0.5898511)"
10,0.14153053,"exp((1.2026018 - x0) * ((x0 + -0.8031083) / 0.1817278))"
15,0.14072774,"exp(((1.2044768 - x0) * ((x0 + -0.8046465) * 1.2044768)) * (exp(1.7245121) - x1))"
17,0.14071926,"exp(((1.2044768 - x0) * ((x0 + -0.8046465) * 1.2044768)) * ((exp(1.7245121) - x1) + 0.027455024))"
19,0.14071378,"exp(((1.2044768 - x0) * ((x0 + -0.8046465) * 1.2044768)) * ((exp(1.7245121) - (0.030286647 + x1)) + 0.10218333))"
