Complexity,Loss,Equation
1,0.22227873,"0.5034763"
4,0.21120925,"exp(-0.42581105 / x0)"
5,0.073020816,"((1.8768873 - x0) * x0)"
7,0.06648554,"(((2.0131638 - x0) * x0) + -0.19376735)"
9,0.037298292,"exp((x0 - 1.2352421) * (2.3848414 - exp(x0)))"
10,0.017342858,"exp(((1.135901 - x0) * 3.448037) * (x0 + -0.78076446))"
11,0.0016642953,"exp((x0 - 1.2352421) * ((1.6022167 / x0) - exp(x0)))"
13,0.00016857266,"exp((((1.0455141 - x0) * exp(1.7557715)) + 1.0455141) * (x0 + -0.78076446))"
14,1.4164317e-5,"exp((((2.3458526 * 0.5227143) - x0) * exp(exp(0.5391914))) * (x0 + -0.77377105))"
