Complexity,Loss,Equation
1,0.22227874,"0.5035485"
4,0.21120925,"exp(-0.42580995 / x0)"
5,0.073020816,"((1.8768872 - x0) * x0)"
7,0.066173874,"((1.9147762 - x0) * (x0 - 0.08649089))"
9,0.03170312,"exp((1.0317622 - x0) * (exp(x0) - 2.9342887))"
10,1.4161193e-5,"exp(((x0 - 0.77380806) / 0.18000484) * (1.2262377 - x0))"
12,1.4154673e-5,"(exp(((x0 - 0.77380806) / 0.18000484) * (1.2262377 - x0)) - -5.1440158e-5)"
14,1.4150002e-5,"(exp(((x0 - 0.77380806) / 0.18000484) * (1.2262377 - x0)) - (-5.1440158e-5 * x1))"
16,1.4138025e-5,"(exp(((x0 - 0.77380806) / 0.18000484) * (1.2262377 - x0)) - ((-5.1440158e-5 * x1) * x1))"
