Complexity,Loss,Equation
1,0.22227876,"0.50352216"
2,0.22227874,"exp(-0.68613017)"
4,0.21120925,"exp(-0.42580873 / x0)"
5,0.073020816,"((1.8768874 - x0) * x0)"
7,0.06617389,"(((2.0012603 - x0) * x0) + -0.16560791)"
9,0.038726166,"exp((x0 - 1.2146947) * (2.3328574 - exp(x0)))"
10,0.0029253615,"exp(((0.7792937 - x0) * (x0 - 1.1798695)) / 0.19265671)"
11,1.4155056e-5,"exp(((0.7737843 - x0) * exp(1.7147702)) * (x0 - 1.2262673))"
13,1.4153315e-5,"exp(((0.7737633 - x0) * (exp(1.078576) - -2.614715)) * (x0 - 1.2262816))"
