Complexity,Loss,Equation
1,0.21263367,"0.49698278"
4,0.20598261,"exp(-0.44406423 / x0)"
5,0.07207721,"((1.8659422 - x0) * x0)"
7,0.06463465,"((1.9057752 - x0) * (x0 + -0.091476284))"
9,0.058055285,"((1.9057752 - x0) * ((x0 + -0.16642927) * 1.211581))"
10,2.0509842e-5,"exp(((0.77374446 - x0) * (x0 - 1.2263337)) / 0.18166865)"
11,1.7306105e-5,"exp(((0.77374446 - x0) * exp(1.7210261)) * (x0 - 1.2263337))"
13,1.5161938e-5,"exp(((0.77374446 - x0) * (x0 - 1.2263337)) * (exp(1.6370596) + 0.41709852))"
15,1.5161921e-5,"exp((((0.77374446 - x0) * (x0 - 1.2263337)) * exp(0.68646973 - -0.6750244)) / 0.70216644)"
