Complexity,Loss,Equation
1,0.2573964,"E_f"
3,0.25636226,"(E_f - 0.032151014)"
5,0.23267826,"((-0.13114569 * F_x) * v)"
7,0.21188419,"((F_u * -0.1400967) * (E_x * v))"
9,0.21075743,"(((E_x * v) * F_u) * (0.106380105 / -0.6431996))"
11,0.19291364,"((v + v) * (((F_u * E_x) + F_x) * -0.06251883))"
13,0.18691078,"(((v + E_f) + v) * (((F_u * E_x) + F_x) * -0.06251883))"
