Complexity,Loss,Equation
1,0.2572647,"E_f"
3,0.25636226,"(E_f + -0.030028539)"
5,0.23314078,"((v * F_x) * -0.112809114)"
7,0.2305926,"(F_x * ((E_xx - v) * 0.015855286))"
9,0.21989708,"(((F_u * v) * -0.059688773) * (E_x * F))"
11,0.21077491,"((((E_f / 0.39278582) + v) * -0.059688773) * (F_x + F_x))"
13,0.21021357,"((((E_f / 0.39278582) + v) * -0.059688773) * ((F_x + F_x) + v))"
15,0.20338576,"((((E_f / 0.39278582) + v) * -0.059688773) * ((F_x + F_x) + (v / 0.057261646)))"
