Complexity,Loss,Equation
1,0.11647333,"-0.1985498"
3,0.08463831,"(v - 0.19851317)"
5,0.055181615,"((-0.21865755 * F) + -0.19851446)"
7,0.043466695,"((E_xx - x) * (v + E_f))"
9,0.014565507,"(((v * F) + (-0.37497148 / F_x)) - 0.17628148)"
11,0.008223497,"((((v * F) - (0.48295343 / F_x)) - 0.1860128) - E_x)"
13,0.0055589383,"((((v * F) + (-0.46887067 / F_x)) - 0.17972037) - (E_x * 0.6654312))"
15,0.0035440766,"((((v * (F / 0.8811041)) + (-0.46887067 / F_x)) - 0.17972037) - (E_x * 0.6654312))"
17,0.002853045,"(((((v - E_f) * 1.2463633) * F) + (-0.5011121 / F_x)) - (0.16618192 + (E_x * 0.7833137)))"
19,0.002034747,"((((v - E_f) * (F + 0.2461146)) + (-0.5011121 / (F_x - 0.16618192))) - (0.16618192 + (E_x / 1.4617643)))"
