Complexity,Loss,Equation
1,0.20765279,"0.4226888"
4,0.176445,"(x0 / exp(x0))"
5,0.0676962,"(x0 * (1.8675855 - x0))"
7,0.057654317,"((1.8675855 - x0) * (x0 - 0.093788065))"
9,0.054176908,"((1.8199154 - x0) * ((x0 + 0.1083296) * x0))"
10,9.283851e-5,"exp(((-0.78211546 + x0) / 0.17824227) * (1.2271814 - x0))"
12,8.7470915e-5,"exp((((-0.78211546 + x0) / 0.17824227) * (1.2271814 - x0)) / 1.0093274)"
14,1.2349605e-5,"exp(((((-0.7066753 + x0) / 0.3550076) * 1.9724138) - 0.37006012) * (1.2271814 - x0))"
17,1.2348484e-5,"exp((((((x0 - exp(0.53899133)) / 0.4883593) + 1.1536534) + x0) / 0.5485403) * (1.2271843 - x0))"
