Complexity,Loss,Equation
1,0.22057927,"0.50465065"
5,0.07268086,"((1.8742251 - x0) * x0)"
7,0.06609245,"((0.08548447 - x0) * (x0 - 1.9115667))"
9,0.05852931,"(((-1.1500945 * x0) + 0.11957734) * (x0 - 1.8624603))"
11,0.045991905,"((0.61323917 / ((0.7365959 / x0) + (x0 - 1.3550513))) + -0.45386058)"
13,0.021948414,"(0.7365959 / (((0.7365959 / x0) / x0) + ((x0 * x0) - 1.1254598)))"
15,0.009339072,"((0.6392709 / ((0.7365959 / x0) + ((x0 - 1.3550513) * x0))) - (0.3591695 * x0))"
17,0.006603846,"(x0 / ((0.7365959 / x0) + ((x0 * (((x0 * x0) * x0) - x0)) * x0)))"
19,0.0031266916,"(x0 / ((0.7166908 / x0) + (((x0 * x0) - x0) * ((x0 * x0) * (x0 * x0)))))"
