Complexity,Loss,Equation
1,0.22227876,"0.50352216"
2,0.22227874,"exp(-0.68613017)"
4,0.21120925,"exp(-0.42580873 / x0)"
5,0.21039179,"(x0 / (x0 - -0.6615794))"
6,0.07302081,"((exp(0.6296043) - x0) * x0)"
8,0.06765646,"((exp(0.6296043) - x0) * (x0 - 0.061068617))"
9,0.038886238,"exp((x0 - 1.2285551) * (2.3265603 - exp(x0)))"
10,7.4567e-5,"exp((1.2327197 - x0) * ((x0 - 0.7737744) / 0.18008682))"
16,1.4155925e-5,"exp(((1.2262502 - x0) / 0.4846595) * (((x0 - 0.80398315) - (0.7435399 - x0)) / 0.7428738))"
